 LegendreIndex,FromIndex,ToIndex,Value
1,1,1, 6.4340547E-02
1,2,1, 1.0052030E-02
1,2,2, 5.4102020E-02
1,3,2, 1.0038314E-02
1,3,3, 5.4027998E-02
1,4,3, 1.0031478E-02
1,4,4, 5.3974489E-02
1,5,4, 1.0027618E-02
1,5,5, 5.4143880E-02
1,6,5, 1.0027019E-02
1,6,6, 5.4399377E-02
1,7,6, 1.0035331E-02
1,7,7, 5.5004780E-02
1,8,7, 6.1781014E-03
1,8,8, 5.8068743E-02
1,9,8, 4.4834178E-03
1,9,9, 6.0804844E-02
1,10,9, 5.1848637E-03
1,10,10, 5.9116215E-02
1,11,10, 6.3947952E-03
1,11,11, 5.8065801E-02
1,12,11, 6.5625410E-03
1,12,12, 5.7860400E-02
1,13,12, 8.5273578E-03
1,13,13, 5.5785599E-02
1,14,13, 8.5546330E-03
1,14,14, 5.5428542E-02
1,15,14, 8.8633425E-03
1,15,15, 5.4804676E-02
1,16,4, 1.5318918E-13
1,16,5, 6.8938893E-13
1,16,6, 3.1542550E-12
1,16,7, 1.4533085E-11
1,16,8, 6.7228719E-11
1,16,9, 3.1103759E-10
1,16,10, 1.4387946E-09
1,16,11, 6.6369614E-09
1,16,12, 5.9012788E-09
1,16,15, 8.8155991E-03
1,16,16, 5.4179801E-02
1,17,12, 2.0435983E-08
1,17,13, 1.1355779E-07
1,17,14, 4.8095316E-07
1,17,15, 1.8701109E-06
1,17,16, 9.5434407E-03
1,17,17, 5.2136443E-02
1,18,8, 6.6188104E-14
1,18,9, 3.0547208E-13
1,18,10, 1.4130793E-12
1,18,11, 6.5573477E-12
1,18,12, 3.6129646E-11
1,18,13, 1.8821777E-10
1,18,14, 9.0016838E-10
1,18,15, 4.6083923E-09
1,18,16, 2.4920021E-08
1,18,17, 1.0605884E-02
1,18,18, 4.8743833E-02
1,19,9, 5.3796273E-14
1,19,10, 2.4829492E-13
1,19,11, 1.1482384E-12
1,19,12, 4.6721706E-12
1,19,13, 1.1417342E-11
1,19,14, 2.7416551E-11
1,19,15, 7.3006004E-11
1,19,16, 2.8097583E-10
1,19,17, 1.5322707E-07
1,19,18, 1.2458143E-02
1,19,19, 4.8336044E-02
1,20,5, 4.9997922E-14
1,20,6, 3.8103369E-13
1,20,7, 1.5174569E-12
1,20,8, 5.8554989E-12
1,20,9, 2.4735065E-11
1,20,10, 1.0946072E-10
1,20,11, 4.9507548E-10
1,20,12, 2.0684652E-09
1,20,13, 8.6314183E-09
1,20,14, 3.4998598E-08
1,20,15, 1.1711567E-07
1,20,16, 3.3843696E-07
1,20,17, 9.0032197E-07
1,20,18, 2.9613300E-07
1,20,19, 9.7454613E-03
1,20,20, 5.8986497E-02
1,21,5, 1.8078836E-13
1,21,6, 9.6611106E-13
1,21,7, 4.8607380E-12
1,21,8, 2.0197466E-11
1,21,9, 8.7968763E-11
1,21,10, 3.9318061E-10
1,21,11, 1.6846314E-09
1,21,12, 6.1007761E-09
1,21,13, 2.1714680E-08
1,21,14, 7.8533393E-08
1,21,15, 2.7889550E-07
1,21,16, 1.0317401E-06
1,21,17, 3.8855813E-06
1,21,18, 1.3344651E-05
1,21,19, 2.2987254E-05
1,21,20, 1.4715144E-02
1,21,21, 4.5674852E-02
1,22,3, 7.8520759E-14
1,22,4, 3.4509803E-13
1,22,5, 1.3148072E-12
1,22,6, 4.4465833E-12
1,22,7, 1.4676779E-11
1,22,8, 4.3523552E-11
1,22,9, 1.3775352E-10
1,22,10, 4.3662088E-10
1,22,11, 1.3829737E-09
1,22,12, 4.3739151E-09
1,22,13, 1.3851115E-08
1,22,14, 4.3868866E-08
1,22,15, 1.3890593E-07
1,22,16, 4.5319198E-07
1,22,17, 1.8746629E-06
1,22,18, 6.2668225E-06
1,22,19, 2.2258259E-05
1,22,20, 5.0122138E-05
1,22,21, 5.8873857E-03
1,22,22, 1.8851772E-02
1,23,3, 6.1962999E-14
1,23,4, 2.8760892E-13
1,23,5, 1.3327274E-12
1,23,6, 5.2823326E-12
1,23,7, 1.7536407E-11
1,23,8, 5.5622274E-11
1,23,9, 1.7120212E-10
1,23,10, 5.4287434E-10
1,23,11, 1.7188558E-09
1,23,12, 5.4358227E-09
1,23,13, 1.7182929E-08
1,23,14, 5.4499395E-08
1,23,15, 1.7268799E-07
1,23,16, 5.6503894E-07
1,23,17, 2.3414102E-06
1,23,18, 7.6589096E-06
1,23,19, 2.1057160E-05
1,23,20, 3.7847348E-05
1,23,21, 3.1197531E-05
1,23,22, 6.4234083E-03
1,23,23, 2.1431071E-02
1,24,3, 5.1486817E-14
1,24,4, 2.3898240E-13
1,24,5, 1.1092559E-12
1,24,6, 5.0561676E-12
1,24,7, 1.7658185E-11
1,24,8, 5.7889205E-11
1,24,9, 1.7742985E-10
1,24,10, 5.6051377E-10
1,24,11, 1.7711162E-09
1,24,12, 5.6001904E-09
1,24,13, 1.7722705E-08
1,24,14, 5.6214700E-08
1,24,15, 1.7796881E-07
1,24,16, 6.0084257E-07
1,24,17, 2.5117349E-06
1,24,18, 8.2001270E-06
1,24,19, 2.1846261E-05
1,24,20, 3.6426955E-05
1,24,21, 2.5969517E-05
1,24,22, 1.1071520E-05
1,24,23, 5.2124631E-03
1,24,24, 1.6543092E-02
1,25,4, 1.6998736E-11
1,25,5, 3.7735119E-11
1,25,6, 1.1220604E-10
1,25,7, 2.6596983E-10
1,25,8, 7.5168050E-10
1,25,9, 1.9640446E-09
1,25,10, 5.4967395E-09
1,25,11, 1.5894120E-08
1,25,12, 4.7128684E-08
1,25,13, 1.4362809E-07
1,25,14, 5.0864952E-07
1,25,15, 1.6123926E-06
1,25,16, 5.5391961E-06
1,25,17, 2.0619913E-05
1,25,18, 7.6515586E-05
1,25,19, 2.2045259E-04
1,25,20, 6.4889535E-04
1,25,21, 1.1106481E-03
1,25,22, 1.3794814E-03
1,25,23, 5.2930639E-04
1,25,24, 4.1863056E-03
1,25,25, 8.5800700E-03
2,1,1, 2.6883435E-03
2,2,1,-3.0616757E-03
2,2,2, 5.7422845E-03
2,3,2,-3.0583242E-03
2,3,3, 5.7354926E-03
2,4,3,-3.0566158E-03
2,4,4, 5.7320435E-03
2,5,4,-3.0556497E-03
2,5,5, 5.7304606E-03
2,6,5,-3.0555587E-03
2,6,6, 5.7302728E-03
2,7,6,-3.0580019E-03
2,7,7, 5.7333853E-03
2,8,7,-1.8827659E-03
2,8,8, 4.5557833E-03
2,9,8,-1.5202743E-03
2,9,9, 4.1935196E-03
2,10,9,-1.7581246E-03
2,10,10, 4.4263248E-03
2,11,10,-2.0773450E-03
2,11,11, 4.7386400E-03
2,12,11,-2.1322050E-03
2,12,12, 4.7778297E-03
2,13,12,-2.6654010E-03
2,13,13, 5.2788723E-03
2,14,13,-2.6772279E-03
2,14,14, 5.2184868E-03
2,15,14,-2.7636346E-03
2,15,15, 5.1507268E-03
2,16,4, 1.5318918E-13
2,16,5, 6.8938893E-13
2,16,6, 3.1542550E-12
2,16,7, 1.4533085E-11
2,16,8, 6.7228719E-11
2,16,9, 3.1103759E-10
2,16,10, 1.4387946E-09
2,16,11, 6.6369614E-09
2,16,12, 5.9012788E-09
2,16,15,-2.7642095E-03
2,16,16, 4.8082016E-03
2,17,12, 2.0435983E-08
2,17,13, 1.1355779E-07
2,17,14, 4.8095316E-07
2,17,15, 1.8701109E-06
2,17,16,-2.9861648E-03
2,17,17, 4.2687628E-03
2,18,8, 6.6188104E-14
2,18,9, 3.0547208E-13
2,18,10, 1.4130793E-12
2,18,11, 6.5573477E-12
2,18,12, 3.6129646E-11
2,18,13, 1.8821777E-10
2,18,14, 9.0016838E-10
2,18,15, 4.6083923E-09
2,18,16, 2.4920021E-08
2,18,17,-3.4380226E-03
2,18,18, 2.9058944E-03
2,19,9, 5.3796273E-14
2,19,10, 2.4829492E-13
2,19,11, 1.1482384E-12
2,19,12, 4.6721706E-12
2,19,13, 1.1417342E-11
2,19,14, 2.7416551E-11
2,19,15, 7.3006004E-11
2,19,16, 2.8097583E-10
2,19,17, 1.5322707E-07
2,19,18,-4.6215048E-03
2,19,19,-1.8381718E-03
2,20,5, 4.9997922E-14
2,20,6, 3.8103369E-13
2,20,7, 1.5174569E-12
2,20,8, 5.8554989E-12
2,20,9, 2.4735065E-11
2,20,10, 1.0946072E-10
2,20,11, 4.9507548E-10
2,20,12, 2.0684652E-09
2,20,13, 8.6314183E-09
2,20,14, 3.4998598E-08
2,20,15, 1.1711567E-07
2,20,16, 3.3843696E-07
2,20,17, 9.0032197E-07
2,20,18, 2.9613300E-07
2,20,19,-1.0139941E-03
2,20,20, 1.6578009E-02
2,21,5, 1.8078836E-13
2,21,6, 9.6611106E-13
2,21,7, 4.8607380E-12
2,21,8, 2.0197466E-11
2,21,9, 8.7968763E-11
2,21,10, 3.9318061E-10
2,21,11, 1.6846314E-09
2,21,12, 6.1007761E-09
2,21,13, 2.1714680E-08
2,21,14, 7.8533393E-08
2,21,15, 2.7889550E-07
2,21,16, 1.0317401E-06
2,21,17, 3.8855813E-06
2,21,18, 1.3344651E-05
2,21,19, 2.2987254E-05
2,21,20,-3.6641311E-03
2,21,21, 8.8179324E-03
2,22,3, 7.8520759E-14
2,22,4, 3.4509803E-13
2,22,5, 1.3148072E-12
2,22,6, 4.4465833E-12
2,22,7, 1.4676779E-11
2,22,8, 4.3523552E-11
2,22,9, 1.3775352E-10
2,22,10, 4.3662088E-10
2,22,11, 1.3829737E-09
2,22,12, 4.3739151E-09
2,22,13, 1.3851115E-08
2,22,14, 4.3868866E-08
2,22,15, 1.3890593E-07
2,22,16, 4.5319198E-07
2,22,17, 1.8746629E-06
2,22,18, 6.2668225E-06
2,22,19, 2.2258259E-05
2,22,20, 5.0122138E-05
2,22,21,-1.2723883E-03
2,22,22, 3.9269279E-03
2,23,3, 6.1962999E-14
2,23,4, 2.8760892E-13
2,23,5, 1.3327274E-12
2,23,6, 5.2823326E-12
2,23,7, 1.7536407E-11
2,23,8, 5.5622274E-11
2,23,9, 1.7120212E-10
2,23,10, 5.4287434E-10
2,23,11, 1.7188558E-09
2,23,12, 5.4358227E-09
2,23,13, 1.7182929E-08
2,23,14, 5.4499395E-08
2,23,15, 1.7268799E-07
2,23,16, 5.6503894E-07
2,23,17, 2.3414102E-06
2,23,18, 7.6589096E-06
2,23,19, 2.1057160E-05
2,23,20, 3.7847348E-05
2,23,21, 3.1197531E-05
2,23,22,-1.6433989E-03
2,23,23, 6.5746302E-03
2,24,3, 5.1486817E-14
2,24,4, 2.3898240E-13
2,24,5, 1.1092559E-12
2,24,6, 5.0561676E-12
2,24,7, 1.7658185E-11
2,24,8, 5.7889205E-11
2,24,9, 1.7742985E-10
2,24,10, 5.6051377E-10
2,24,11, 1.7711162E-09
2,24,12, 5.6001904E-09
2,24,13, 1.7722705E-08
2,24,14, 5.6214700E-08
2,24,15, 1.7796881E-07
2,24,16, 6.0084257E-07
2,24,17, 2.5117349E-06
2,24,18, 8.2001270E-06
2,24,19, 2.1846261E-05
2,24,20, 3.6426955E-05
2,24,21, 2.5969517E-05
2,24,22, 1.1071520E-05
2,24,23,-7.7011953E-04
2,24,24, 6.6329641E-03
2,25,4, 1.6998736E-11
2,25,5, 3.7735119E-11
2,25,6, 1.1220604E-10
2,25,7, 2.6596983E-10
2,25,8, 7.5168050E-10
2,25,9, 1.9640446E-09
2,25,10, 5.4967395E-09
2,25,11, 1.5894120E-08
2,25,12, 4.7128684E-08
2,25,13, 1.4362809E-07
2,25,14, 5.0864952E-07
2,25,15, 1.6123926E-06
2,25,16, 5.5391961E-06
2,25,17, 2.0619913E-05
2,25,18, 7.6515586E-05
2,25,19, 2.2045259E-04
2,25,20, 6.4889535E-04
2,25,21, 1.1106481E-03
2,25,22, 1.3794814E-03
2,25,23, 5.2930639E-04
2,25,24,-1.0269111E-03
2,25,25, 3.7875138E-03
3,1,1, 5.0866696E-05
3,2,1,-1.6752274E-04
3,2,2, 2.1824326E-04
3,3,2,-1.6763249E-04
3,3,3, 2.1828827E-04
3,4,3,-1.6761992E-04
3,4,4, 2.1824378E-04
3,5,4,-1.6760006E-04
3,5,5, 2.1820669E-04
3,6,5,-1.6761374E-04
3,6,6, 2.1821441E-04
3,7,6,-1.6775374E-04
3,7,7, 2.1833337E-04
3,8,7,-1.0323463E-04
3,8,8, 1.5372800E-04
3,9,8, 1.5932902E-05
3,9,9, 3.4439832E-05
3,10,9, 1.8429240E-05
3,10,10, 3.1693404E-05
3,11,10,-3.2760428E-05
3,11,11, 8.2351408E-05
3,12,11,-3.3220582E-05
3,12,12, 8.1664821E-05
3,13,12,-1.0334803E-04
3,13,13, 1.4944625E-04
3,14,13,-1.0158813E-04
3,14,14, 1.4248024E-04
3,15,14,-1.0910542E-04
3,15,15, 1.3881601E-04
3,16,4, 1.5318918E-13
3,16,5, 6.8938893E-13
3,16,6, 3.1542550E-12
3,16,7, 1.4533085E-11
3,16,8, 6.7228719E-11
3,16,9, 3.1103759E-10
3,16,10, 1.4387946E-09
3,16,11, 6.6369614E-09
3,16,12, 5.9012788E-09
3,16,15,-9.5285997E-05
3,16,16, 1.0168421E-04
3,17,12, 2.0435983E-08
3,17,13, 1.1355779E-07
3,17,14, 4.8095316E-07
3,17,15, 1.8701109E-06
3,17,16,-8.7278127E-05
3,17,17, 5.3359755E-05
3,18,8, 6.6188104E-14
3,18,9, 3.0547208E-13
3,18,10, 1.4130793E-12
3,18,11, 6.5573477E-12
3,18,12, 3.6129646E-11
3,18,13, 1.8821777E-10
3,18,14, 9.0016838E-10
3,18,15, 4.6083923E-09
3,18,16, 2.4920021E-08
3,18,17,-3.3681308E-06
3,18,18,-1.0518600E-04
3,19,9, 5.3796273E-14
3,19,10, 2.4829492E-13
3,19,11, 1.1482384E-12
3,19,12, 4.6721706E-12
3,19,13, 1.1417342E-11
3,19,14, 2.7416551E-11
3,19,15, 7.3006004E-11
3,19,16, 2.8097583E-10
3,19,17, 1.5322707E-07
3,19,18, 2.1702638E-04
3,19,19,-4.0187308E-05
3,20,5, 4.9997922E-14
3,20,6, 3.8103369E-13
3,20,7, 1.5174569E-12
3,20,8, 5.8554989E-12
3,20,9, 2.4735065E-11
3,20,10, 1.0946072E-10
3,20,11, 4.9507548E-10
3,20,12, 2.0684652E-09
3,20,13, 8.6314183E-09
3,20,14, 3.4998598E-08
3,20,15, 1.1711567E-07
3,20,16, 3.3843696E-07
3,20,17, 9.0032197E-07
3,20,18, 2.9613300E-07
3,20,19, 8.8392915E-05
3,20,20, 1.4043632E-03
3,21,5, 1.8078836E-13
3,21,6, 9.6611106E-13
3,21,7, 4.8607380E-12
3,21,8, 2.0197466E-11
3,21,9, 8.7968763E-11
3,21,10, 3.9318061E-10
3,21,11, 1.6846314E-09
3,21,12, 6.1007761E-09
3,21,13, 2.1714680E-08
3,21,14, 7.8533393E-08
3,21,15, 2.7889550E-07
3,21,16, 1.0317401E-06
3,21,17, 3.8855813E-06
3,21,18, 1.3344651E-05
3,21,19, 2.2987254E-05
3,21,20,-8.7234749E-04
3,21,21, 8.7055937E-03
3,22,3, 7.8520759E-14
3,22,4, 3.4509803E-13
3,22,5, 1.3148072E-12
3,22,6, 4.4465833E-12
3,22,7, 1.4676779E-11
3,22,8, 4.3523552E-11
3,22,9, 1.3775352E-10
3,22,10, 4.3662088E-10
3,22,11, 1.3829737E-09
3,22,12, 4.3739151E-09
3,22,13, 1.3851115E-08
3,22,14, 4.3868866E-08
3,22,15, 1.3890593E-07
3,22,16, 4.5319198E-07
3,22,17, 1.8746629E-06
3,22,18, 6.2668225E-06
3,22,19, 2.2258259E-05
3,22,20, 5.0122138E-05
3,22,21, 1.8514665E-04
3,22,22, 1.4894200E-03
3,23,3, 6.1962999E-14
3,23,4, 2.8760892E-13
3,23,5, 1.3327274E-12
3,23,6, 5.2823326E-12
3,23,7, 1.7536407E-11
3,23,8, 5.5622274E-11
3,23,9, 1.7120212E-10
3,23,10, 5.4287434E-10
3,23,11, 1.7188558E-09
3,23,12, 5.4358227E-09
3,23,13, 1.7182929E-08
3,23,14, 5.4499395E-08
3,23,15, 1.7268799E-07
3,23,16, 5.6503894E-07
3,23,17, 2.3414102E-06
3,23,18, 7.6589096E-06
3,23,19, 2.1057160E-05
3,23,20, 3.7847348E-05
3,23,21, 3.1197531E-05
3,23,22,-6.9120944E-04
3,23,23, 2.6770250E-03
3,24,3, 5.1486817E-14
3,24,4, 2.3898240E-13
3,24,5, 1.1092559E-12
3,24,6, 5.0561676E-12
3,24,7, 1.7658185E-11
3,24,8, 5.7889205E-11
3,24,9, 1.7742985E-10
3,24,10, 5.6051377E-10
3,24,11, 1.7711162E-09
3,24,12, 5.6001904E-09
3,24,13, 1.7722705E-08
3,24,14, 5.6214700E-08
3,24,15, 1.7796881E-07
3,24,16, 6.0084257E-07
3,24,17, 2.5117349E-06
3,24,18, 8.2001270E-06
3,24,19, 2.1846261E-05
3,24,20, 3.6426955E-05
3,24,21, 2.5969517E-05
3,24,22, 1.1071520E-05
3,24,23, 4.0880107E-05
3,24,24, 2.9721863E-03
3,25,4, 1.6998736E-11
3,25,5, 3.7735119E-11
3,25,6, 1.1220604E-10
3,25,7, 2.6596983E-10
3,25,8, 7.5168050E-10
3,25,9, 1.9640446E-09
3,25,10, 5.4967395E-09
3,25,11, 1.5894120E-08
3,25,12, 4.7128684E-08
3,25,13, 1.4362809E-07
3,25,14, 5.0864952E-07
3,25,15, 1.6123926E-06
3,25,16, 5.5391961E-06
3,25,17, 2.0619913E-05
3,25,18, 7.6515586E-05
3,25,19, 2.2045259E-04
3,25,20, 6.4889535E-04
3,25,21, 1.1106481E-03
3,25,22, 1.3794814E-03
3,25,23, 5.2930639E-04
3,25,24,-4.4472844E-04
3,25,25, 2.1719979E-03
4,2,1,-3.1275734E-06
4,2,2, 3.1275734E-06
4,3,2,-3.1651657E-06
4,3,3, 3.1651656E-06
4,4,3,-3.1675008E-06
4,4,4, 3.1675009E-06
4,5,4,-3.1662295E-06
4,5,5, 3.1662393E-06
4,6,5,-3.1690013E-06
4,6,6, 3.1690464E-06
4,7,6,-3.1781813E-06
4,7,7, 3.1783226E-06
4,8,7,-1.9504352E-06
4,8,8, 1.9457777E-06
4,9,8,-3.1314959E-07
4,9,9, 3.0660906E-07
4,10,9,-3.3213055E-07
4,10,10, 3.1709910E-07
4,11,10, 2.4597477E-07
4,11,11,-2.7812577E-07
4,12,11, 2.5054312E-07
4,12,12,-3.2213585E-07
4,13,12,-1.4954851E-06
4,13,13, 1.3400354E-06
4,14,13,-8.9733201E-07
4,14,14, 5.5519475E-07
4,15,14,-8.8299055E-07
4,15,15, 1.4065787E-07
4,16,4, 1.5318918E-13
4,16,5, 6.8938893E-13
4,16,6, 3.1542550E-12
4,16,7, 1.4533085E-11
4,16,8, 6.7228719E-11
4,16,9, 3.1103759E-10
4,16,10, 1.4387946E-09
4,16,11, 6.6369614E-09
4,16,12, 5.9012788E-09
4,16,15,-4.5404639E-07
4,16,16,-1.0167364E-06
4,17,12, 2.0435983E-08
4,17,13, 1.1355779E-07
4,17,14, 4.8095316E-07
4,17,15, 1.8701109E-06
4,17,16, 5.9707775E-06
4,17,17,-4.4351917E-07
4,18,8, 6.6188104E-14
4,18,9, 3.0547208E-13
4,18,10, 1.4130793E-12
4,18,11, 6.5573477E-12
4,18,12, 3.6129646E-11
4,18,13, 1.8821777E-10
4,18,14, 9.0016838E-10
4,18,15, 4.6083923E-09
4,18,16, 2.4920021E-08
4,18,17, 1.5789414E-05
4,18,18, 1.1573712E-05
4,19,9, 5.3796273E-14
4,19,10, 2.4829492E-13
4,19,11, 1.1482384E-12
4,19,12, 4.6721706E-12
4,19,13, 1.1417342E-11
4,19,14, 2.7416551E-11
4,19,15, 7.3006004E-11
4,19,16, 2.8097583E-10
4,19,17, 1.5322707E-07
4,19,18, 2.4379741E-05
4,19,19, 1.3713743E-04
4,20,5, 4.9997922E-14
4,20,6, 3.8103369E-13
4,20,7, 1.5174569E-12
4,20,8, 5.8554989E-12
4,20,9, 2.4735065E-11
4,20,10, 1.0946072E-10
4,20,11, 4.9507548E-10
4,20,12, 2.0684652E-09
4,20,13, 8.6314183E-09
4,20,14, 3.4998598E-08
4,20,15, 1.1711567E-07
4,20,16, 3.3843696E-07
4,20,17, 9.0032197E-07
4,20,18, 2.9613300E-07
4,20,19,-1.2122634E-05
4,20,20,-4.7040152E-04
4,21,5, 1.8078836E-13
4,21,6, 9.6611106E-13
4,21,7, 4.8607380E-12
4,21,8, 2.0197466E-11
4,21,9, 8.7968763E-11
4,21,10, 3.9318061E-10
4,21,11, 1.6846314E-09
4,21,12, 6.1007761E-09
4,21,13, 2.1714680E-08
4,21,14, 7.8533393E-08
4,21,15, 2.7889550E-07
4,21,16, 1.0317401E-06
4,21,17, 3.8855813E-06
4,21,18, 1.3344651E-05
4,21,19, 2.2987254E-05
4,21,20,-4.1118063E-04
4,21,21, 5.3052362E-04
4,22,3, 7.8520759E-14
4,22,4, 3.4509803E-13
4,22,5, 1.3148072E-12
4,22,6, 4.4465833E-12
4,22,7, 1.4676779E-11
4,22,8, 4.3523552E-11
4,22,9, 1.3775352E-10
4,22,10, 4.3662088E-10
4,22,11, 1.3829737E-09
4,22,12, 4.3739151E-09
4,22,13, 1.3851115E-08
4,22,14, 4.3868866E-08
4,22,15, 1.3890593E-07
4,22,16, 4.5319198E-07
4,22,17, 1.8746629E-06
4,22,18, 6.2668225E-06
4,22,19, 2.2258259E-05
4,22,20, 5.0122138E-05
4,22,21, 6.7657478E-07
4,22,22, 1.9074446E-04
4,23,3, 6.1962999E-14
4,23,4, 2.8760892E-13
4,23,5, 1.3327274E-12
4,23,6, 5.2823326E-12
4,23,7, 1.7536407E-11
4,23,8, 5.5622274E-11
4,23,9, 1.7120212E-10
4,23,10, 5.4287434E-10
4,23,11, 1.7188558E-09
4,23,12, 5.4358227E-09
4,23,13, 1.7182929E-08
4,23,14, 5.4499395E-08
4,23,15, 1.7268799E-07
4,23,16, 5.6503894E-07
4,23,17, 2.3414102E-06
4,23,18, 7.6589096E-06
4,23,19, 2.1057160E-05
4,23,20, 3.7847348E-05
4,23,21, 3.1197531E-05
4,23,22,-1.3075810E-05
4,23,23, 8.1285397E-04
4,24,3, 5.1486817E-14
4,24,4, 2.3898240E-13
4,24,5, 1.1092559E-12
4,24,6, 5.0561676E-12
4,24,7, 1.7658185E-11
4,24,8, 5.7889205E-11
4,24,9, 1.7742985E-10
4,24,10, 5.6051377E-10
4,24,11, 1.7711162E-09
4,24,12, 5.6001904E-09
4,24,13, 1.7722705E-08
4,24,14, 5.6214700E-08
4,24,15, 1.7796881E-07
4,24,16, 6.0084257E-07
4,24,17, 2.5117349E-06
4,24,18, 8.2001270E-06
4,24,19, 2.1846261E-05
4,24,20, 3.6426955E-05
4,24,21, 2.5969517E-05
4,24,22, 1.1071520E-05
4,24,23, 9.0951076E-05
4,24,24, 2.7504701E-03
4,25,4, 1.6998736E-11
4,25,5, 3.7735119E-11
4,25,6, 1.1220604E-10
4,25,7, 2.6596983E-10
4,25,8, 7.5168050E-10
4,25,9, 1.9640446E-09
4,25,10, 5.4967395E-09
4,25,11, 1.5894120E-08
4,25,12, 4.7128684E-08
4,25,13, 1.4362809E-07
4,25,14, 5.0864952E-07
4,25,15, 1.6123926E-06
4,25,16, 5.5391961E-06
4,25,17, 2.0619913E-05
4,25,18, 7.6515586E-05
4,25,19, 2.2045259E-04
4,25,20, 6.4889535E-04
4,25,21, 1.1106481E-03
4,25,22, 1.3794814E-03
4,25,23, 5.2930639E-04
4,25,24, 3.6978373E-04
4,25,25, 1.9688560E-03
5,1,1,-1.9175075E-08
5,2,1, 3.4968199E-08
5,2,2,-5.3045986E-08
5,3,2, 1.9582118E-08
5,3,3,-3.7606572E-08
5,4,3, 1.9686358E-08
5,4,4,-3.7848968E-08
5,5,4, 2.0776982E-08
5,5,5,-3.8808668E-08
5,6,5, 1.9512625E-08
5,6,6,-3.7461679E-08
5,7,6, 1.9072535E-08
5,7,7,-3.7022038E-08
5,8,7, 1.2386398E-08
5,8,8,-3.0477162E-08
5,9,8, 8.8771839E-09
5,9,9,-2.6135177E-08
5,10,9,-4.5228036E-10
5,10,10,-1.5960758E-08
5,11,10, 1.0678764E-08
5,11,11,-2.4126927E-08
5,12,11, 1.0916520E-08
5,12,12,-2.6666622E-08
5,13,12, 2.4598067E-07
5,13,13,-2.6661242E-07
5,14,13, 9.8768874E-08
5,14,14,-1.2308089E-07
5,15,14, 4.7078882E-08
5,15,15,-7.4157371E-08
5,16,4, 1.5318918E-13
5,16,5, 6.8938893E-13
5,16,6, 3.1542550E-12
5,16,7, 1.4533085E-11
5,16,8, 6.7228719E-11
5,16,9, 3.1103759E-10
5,16,10, 1.4387946E-09
5,16,11, 6.6369614E-09
5,16,12, 5.9012788E-09
5,16,15, 4.8779792E-08
5,16,16,-8.9030752E-08
5,17,12, 2.0435983E-08
5,17,13, 1.1355779E-07
5,17,14, 4.8095316E-07
5,17,15, 1.8701109E-06
5,17,16, 6.0971985E-06
5,17,17, 2.1128110E-06
5,18,8, 6.6188104E-14
5,18,9, 3.0547208E-13
5,18,10, 1.4130793E-12
5,18,11, 6.5573477E-12
5,18,12, 3.6129646E-11
5,18,13, 1.8821777E-10
5,18,14, 9.0016838E-10
5,18,15, 4.6083923E-09
5,18,16, 2.4920021E-08
5,18,17, 1.3968082E-05
5,18,18, 1.5915514E-05
5,19,9, 5.3796273E-14
5,19,10, 2.4829492E-13
5,19,11, 1.1482384E-12
5,19,12, 4.6721706E-12
5,19,13, 1.1417342E-11
5,19,14, 2.7416551E-11
5,19,15, 7.3006004E-11
5,19,16, 2.8097583E-10
5,19,17, 1.5322707E-07
5,19,18, 1.3656157E-05
5,19,19, 4.5665757E-05
5,20,5, 4.9997922E-14
5,20,6, 3.8103369E-13
5,20,7, 1.5174569E-12
5,20,8, 5.8554989E-12
5,20,9, 2.4735065E-11
5,20,10, 1.0946072E-10
5,20,11, 4.9507548E-10
5,20,12, 2.0684652E-09
5,20,13, 8.6314183E-09
5,20,14, 3.4998598E-08
5,20,15, 1.1711567E-07
5,20,16, 3.3843696E-07
5,20,17, 9.0032197E-07
5,20,18, 2.9613300E-07
5,20,19, 7.7271765E-06
5,20,20,-4.8600493E-05
5,21,5, 1.8078836E-13
5,21,6, 9.6611106E-13
5,21,7, 4.8607380E-12
5,21,8, 2.0197466E-11
5,21,9, 8.7968763E-11
5,21,10, 3.9318061E-10
5,21,11, 1.6846314E-09
5,21,12, 6.1007761E-09
5,21,13, 2.1714680E-08
5,21,14, 7.8533393E-08
5,21,15, 2.7889550E-07
5,21,16, 1.0317401E-06
5,21,17, 3.8855813E-06
5,21,18, 1.3344651E-05
5,21,19, 2.2987254E-05
5,21,20, 1.7380214E-04
5,21,21,-7.6129081E-05
5,22,3, 7.8520759E-14
5,22,4, 3.4509803E-13
5,22,5, 1.3148072E-12
5,22,6, 4.4465833E-12
5,22,7, 1.4676779E-11
5,22,8, 4.3523552E-11
5,22,9, 1.3775352E-10
5,22,10, 4.3662088E-10
5,22,11, 1.3829737E-09
5,22,12, 4.3739151E-09
5,22,13, 1.3851115E-08
5,22,14, 4.3868866E-08
5,22,15, 1.3890593E-07
5,22,16, 4.5319198E-07
5,22,17, 1.8746629E-06
5,22,18, 6.2668225E-06
5,22,19, 2.2258259E-05
5,22,20, 5.0122138E-05
5,22,21, 2.8835505E-05
5,22,22, 2.9497547E-04
5,23,3, 6.1962999E-14
5,23,4, 2.8760892E-13
5,23,5, 1.3327274E-12
5,23,6, 5.2823326E-12
5,23,7, 1.7536407E-11
5,23,8, 5.5622274E-11
5,23,9, 1.7120212E-10
5,23,10, 5.4287434E-10
5,23,11, 1.7188558E-09
5,23,12, 5.4358227E-09
5,23,13, 1.7182929E-08
5,23,14, 5.4499395E-08
5,23,15, 1.7268799E-07
5,23,16, 5.6503894E-07
5,23,17, 2.3414102E-06
5,23,18, 7.6589096E-06
5,23,19, 2.1057160E-05
5,23,20, 3.7847348E-05
5,23,21, 3.1197531E-05
5,23,22, 9.6522402E-05
5,23,23, 1.6541173E-04
5,24,3, 5.1486817E-14
5,24,4, 2.3898240E-13
5,24,5, 1.1092559E-12
5,24,6, 5.0561676E-12
5,24,7, 1.7658185E-11
5,24,8, 5.7889205E-11
5,24,9, 1.7742985E-10
5,24,10, 5.6051377E-10
5,24,11, 1.7711162E-09
5,24,12, 5.6001904E-09
5,24,13, 1.7722705E-08
5,24,14, 5.6214700E-08
5,24,15, 1.7796881E-07
5,24,16, 6.0084257E-07
5,24,17, 2.5117349E-06
5,24,18, 8.2001270E-06
5,24,19, 2.1846261E-05
5,24,20, 3.6426955E-05
5,24,21, 2.5969517E-05
5,24,22, 1.1071520E-05
5,24,23,-1.3754720E-04
5,24,24, 1.7377248E-03
5,25,4, 1.6998736E-11
5,25,5, 3.7735119E-11
5,25,6, 1.1220604E-10
5,25,7, 2.6596983E-10
5,25,8, 7.5168050E-10
5,25,9, 1.9640446E-09
5,25,10, 5.4967395E-09
5,25,11, 1.5894120E-08
5,25,12, 4.7128684E-08
5,25,13, 1.4362809E-07
5,25,14, 5.0864952E-07
5,25,15, 1.6123926E-06
5,25,16, 5.5391961E-06
5,25,17, 2.0619913E-05
5,25,18, 7.6515586E-05
5,25,19, 2.2045259E-04
5,25,20, 6.4889535E-04
5,25,21, 1.1106481E-03
5,25,22, 1.3794814E-03
5,25,23, 5.2930639E-04
5,25,24, 3.4401994E-04
5,25,25, 1.5622271E-03
6,2,1, 4.9086546E-09
6,2,2,-4.3863757E-09
6,3,2, 1.8304955E-09
6,3,3,-1.3113517E-09
6,4,3, 1.8308073E-09
6,4,4,-1.3294947E-09
6,5,4, 1.9763553E-09
6,5,5,-1.4691384E-09
6,6,5, 1.8415613E-09
6,6,6,-1.3226624E-09
6,7,6, 1.6983540E-09
6,7,7,-1.2557794E-09
6,8,7, 1.0199369E-09
6,8,8,-9.6026790E-10
6,9,8,-2.7837672E-09
6,9,9, 2.6011122E-09
6,10,9, 4.5802138E-11
6,10,10,-3.5763005E-10
6,11,10,-5.4500197E-10
6,11,11,-4.1398515E-10
6,12,11,-9.0989373E-10
6,12,12, 1.0127327E-09
6,13,12,-5.9622247E-08
6,13,13, 5.8776387E-08
6,14,13, 4.3304267E-08
6,14,14,-4.1554762E-08
6,15,14,-3.7116888E-08
6,15,15, 4.2287764E-08
6,16,4, 1.5318918E-13
6,16,5, 6.8938893E-13
6,16,6, 3.1542550E-12
6,16,7, 1.4533085E-11
6,16,8, 6.7228719E-11
6,16,9, 3.1103759E-10
6,16,10, 1.4387946E-09
6,16,11, 6.6369614E-09
6,16,12, 5.9012788E-09
6,16,15, 8.6480712E-10
6,16,16, 2.1220042E-09
6,17,12, 2.0435983E-08
6,17,13, 1.1355779E-07
6,17,14, 4.8095316E-07
6,17,15, 1.8701109E-06
6,17,16, 6.0310756E-06
6,17,17, 2.2120429E-06
6,18,8, 6.6188104E-14
6,18,9, 3.0547208E-13
6,18,10, 1.4130793E-12
6,18,11, 6.5573477E-12
6,18,12, 3.6129646E-11
6,18,13, 1.8821777E-10
6,18,14, 9.0016838E-10
6,18,15, 4.6083923E-09
6,18,16, 2.4920021E-08
6,18,17, 1.3901619E-05
6,18,18, 1.5734853E-05
6,19,9, 5.3796273E-14
6,19,10, 2.4829492E-13
6,19,11, 1.1482384E-12
6,19,12, 4.6721706E-12
6,19,13, 1.1417342E-11
6,19,14, 2.7416551E-11
6,19,15, 7.3006004E-11
6,19,16, 2.8097583E-10
6,19,17, 1.5322707E-07
6,19,18, 1.4137595E-05
6,19,19, 3.4285319E-05
6,20,5, 4.9997922E-14
6,20,6, 3.8103369E-13
6,20,7, 1.5174569E-12
6,20,8, 5.8554989E-12
6,20,9, 2.4735065E-11
6,20,10, 1.0946072E-10
6,20,11, 4.9507548E-10
6,20,12, 2.0684652E-09
6,20,13, 8.6314183E-09
6,20,14, 3.4998598E-08
6,20,15, 1.1711567E-07
6,20,16, 3.3843696E-07
6,20,17, 9.0032197E-07
6,20,18, 2.9613300E-07
6,20,19, 1.0790975E-05
6,20,20, 4.5819089E-05
6,21,5, 1.8078836E-13
6,21,6, 9.6611106E-13
6,21,7, 4.8607380E-12
6,21,8, 2.0197466E-11
6,21,9, 8.7968763E-11
6,21,10, 3.9318061E-10
6,21,11, 1.6846314E-09
6,21,12, 6.1007761E-09
6,21,13, 2.1714680E-08
6,21,14, 7.8533393E-08
6,21,15, 2.7889550E-07
6,21,16, 1.0317401E-06
6,21,17, 3.8855813E-06
6,21,18, 1.3344651E-05
6,21,19, 2.2987254E-05
6,21,20, 1.0850258E-04
6,21,21,-4.3633158E-05
6,22,3, 7.8520759E-14
6,22,4, 3.4509803E-13
6,22,5, 1.3148072E-12
6,22,6, 4.4465833E-12
6,22,7, 1.4676779E-11
6,22,8, 4.3523552E-11
6,22,9, 1.3775352E-10
6,22,10, 4.3662088E-10
6,22,11, 1.3829737E-09
6,22,12, 4.3739151E-09
6,22,13, 1.3851115E-08
6,22,14, 4.3868866E-08
6,22,15, 1.3890593E-07
6,22,16, 4.5319198E-07
6,22,17, 1.8746629E-06
6,22,18, 6.2668225E-06
6,22,19, 2.2258259E-05
6,22,20, 5.0122138E-05
6,22,21, 2.8908564E-05
6,22,22, 1.0141888E-04
6,23,3, 6.1962999E-14
6,23,4, 2.8760892E-13
6,23,5, 1.3327274E-12
6,23,6, 5.2823326E-12
6,23,7, 1.7536407E-11
6,23,8, 5.5622274E-11
6,23,9, 1.7120212E-10
6,23,10, 5.4287434E-10
6,23,11, 1.7188558E-09
6,23,12, 5.4358227E-09
6,23,13, 1.7182929E-08
6,23,14, 5.4499395E-08
6,23,15, 1.7268799E-07
6,23,16, 5.6503894E-07
6,23,17, 2.3414102E-06
6,23,18, 7.6589096E-06
6,23,19, 2.1057160E-05
6,23,20, 3.7847348E-05
6,23,21, 3.1197531E-05
6,23,22, 5.1803391E-05
6,23,23, 5.7020852E-05
6,24,3, 5.1486817E-14
6,24,4, 2.3898240E-13
6,24,5, 1.1092559E-12
6,24,6, 5.0561676E-12
6,24,7, 1.7658185E-11
6,24,8, 5.7889205E-11
6,24,9, 1.7742985E-10
6,24,10, 5.6051377E-10
6,24,11, 1.7711162E-09
6,24,12, 5.6001904E-09
6,24,13, 1.7722705E-08
6,24,14, 5.6214700E-08
6,24,15, 1.7796881E-07
6,24,16, 6.0084257E-07
6,24,17, 2.5117349E-06
6,24,18, 8.2001270E-06
6,24,19, 2.1846261E-05
6,24,20, 3.6426955E-05
6,24,21, 2.5969517E-05
6,24,22, 1.1071520E-05
6,24,23,-1.1725086E-04
6,24,24, 3.4273431E-04
6,25,4, 1.6998736E-11
6,25,5, 3.7735119E-11
6,25,6, 1.1220604E-10
6,25,7, 2.6596983E-10
6,25,8, 7.5168050E-10
6,25,9, 1.9640446E-09
6,25,10, 5.4967395E-09
6,25,11, 1.5894120E-08
6,25,12, 4.7128684E-08
6,25,13, 1.4362809E-07
6,25,14, 5.0864952E-07
6,25,15, 1.6123926E-06
6,25,16, 5.5391961E-06
6,25,17, 2.0619913E-05
6,25,18, 7.6515586E-05
6,25,19, 2.2045259E-04
6,25,20, 6.4889535E-04
6,25,21, 1.1106481E-03
6,25,22, 1.3794814E-03
6,25,23, 5.2930639E-04
6,25,24,-3.0211987E-04
6,25,25, 6.7990389E-04
7,2,1,-1.0162172E-08
7,2,2, 2.3569910E-09
7,3,2,-6.9628049E-09
7,3,3,-5.2743845E-10
7,4,3,-6.8349606E-09
7,4,4,-5.9245326E-10
7,5,4,-7.3081471E-09
7,5,5,-5.0713472E-10
7,6,5,-6.9630942E-09
7,6,6,-5.1162514E-10
7,7,6,-6.8300537E-09
7,7,7,-5.0405536E-10
7,8,7,-1.7555826E-09
7,8,8,-4.6302492E-11
7,9,8,-7.7014462E-10
7,9,9,-3.4093402E-10
7,10,9,-1.7782670E-09
7,10,10, 7.7901330E-10
7,11,10,-2.4499813E-09
7,11,11, 2.3932702E-09
7,12,11,-2.2043911E-09
7,12,12, 2.0014396E-09
7,13,12,-5.6244154E-08
7,13,13, 5.2546222E-08
7,14,13,-5.3881946E-08
7,14,14, 5.1119902E-08
7,15,14,-3.8201465E-09
7,15,15,-2.5795487E-09
7,16,4, 1.5318918E-13
7,16,5, 6.8938893E-13
7,16,6, 3.1542550E-12
7,16,7, 1.4533085E-11
7,16,8, 6.7228719E-11
7,16,9, 3.1103759E-10
7,16,10, 1.4387946E-09
7,16,11, 6.6369614E-09
7,16,12, 5.9012788E-09
7,16,15,-1.2239116E-09
7,16,16, 5.9951850E-10
7,17,12, 2.0435983E-08
7,17,13, 1.1355779E-07
7,17,14, 4.8095316E-07
7,17,15, 1.8701109E-06
7,17,16, 6.0248338E-06
7,17,17, 2.2167433E-06
7,18,8, 6.6188104E-14
7,18,9, 3.0547208E-13
7,18,10, 1.4130793E-12
7,18,11, 6.5573477E-12
7,18,12, 3.6129646E-11
7,18,13, 1.8821777E-10
7,18,14, 9.0016838E-10
7,18,15, 4.6083923E-09
7,18,16, 2.4920021E-08
7,18,17, 1.3899874E-05
7,18,18, 1.5716890E-05
7,19,9, 5.3796273E-14
7,19,10, 2.4829492E-13
7,19,11, 1.1482384E-12
7,19,12, 4.6721706E-12
7,19,13, 1.1417342E-11
7,19,14, 2.7416551E-11
7,19,15, 7.3006004E-11
7,19,16, 2.8097583E-10
7,19,17, 1.5322707E-07
7,19,18, 1.4102583E-05
7,19,19, 3.3725827E-05
7,20,5, 4.9997922E-14
7,20,6, 3.8103369E-13
7,20,7, 1.5174569E-12
7,20,8, 5.8554989E-12
7,20,9, 2.4735065E-11
7,20,10, 1.0946072E-10
7,20,11, 4.9507548E-10
7,20,12, 2.0684652E-09
7,20,13, 8.6314183E-09
7,20,14, 3.4998598E-08
7,20,15, 1.1711567E-07
7,20,16, 3.3843696E-07
7,20,17, 9.0032197E-07
7,20,18, 2.9613300E-07
7,20,19, 1.2663371E-05
7,20,20, 5.3254635E-05
7,21,5, 1.8078836E-13
7,21,6, 9.6611106E-13
7,21,7, 4.8607380E-12
7,21,8, 2.0197466E-11
7,21,9, 8.7968763E-11
7,21,10, 3.9318061E-10
7,21,11, 1.6846314E-09
7,21,12, 6.1007761E-09
7,21,13, 2.1714680E-08
7,21,14, 7.8533393E-08
7,21,15, 2.7889550E-07
7,21,16, 1.0317401E-06
7,21,17, 3.8855813E-06
7,21,18, 1.3344651E-05
7,21,19, 2.2987254E-05
7,21,20, 2.3723381E-05
7,21,21, 4.7631512E-05
7,22,3, 7.8520759E-14
7,22,4, 3.4509803E-13
7,22,5, 1.3148072E-12
7,22,6, 4.4465833E-12
7,22,7, 1.4676779E-11
7,22,8, 4.3523552E-11
7,22,9, 1.3775352E-10
7,22,10, 4.3662088E-10
7,22,11, 1.3829737E-09
7,22,12, 4.3739151E-09
7,22,13, 1.3851115E-08
7,22,14, 4.3868866E-08
7,22,15, 1.3890593E-07
7,22,16, 4.5319198E-07
7,22,17, 1.8746629E-06
7,22,18, 6.2668225E-06
7,22,19, 2.2258259E-05
7,22,20, 5.0122138E-05
7,22,21, 3.1168763E-05
7,22,22, 4.5915860E-05
7,23,3, 6.1962999E-14
7,23,4, 2.8760892E-13
7,23,5, 1.3327274E-12
7,23,6, 5.2823326E-12
7,23,7, 1.7536407E-11
7,23,8, 5.5622274E-11
7,23,9, 1.7120212E-10
7,23,10, 5.4287434E-10
7,23,11, 1.7188558E-09
7,23,12, 5.4358227E-09
7,23,13, 1.7182929E-08
7,23,14, 5.4499395E-08
7,23,15, 1.7268799E-07
7,23,16, 5.6503894E-07
7,23,17, 2.3414102E-06
7,23,18, 7.6589096E-06
7,23,19, 2.1057160E-05
7,23,20, 3.7847348E-05
7,23,21, 3.1197531E-05
7,23,22, 8.1590229E-06
7,23,23, 6.3113481E-05
7,24,3, 5.1486817E-14
7,24,4, 2.3898240E-13
7,24,5, 1.1092559E-12
7,24,6, 5.0561676E-12
7,24,7, 1.7658185E-11
7,24,8, 5.7889205E-11
7,24,9, 1.7742985E-10
7,24,10, 5.6051377E-10
7,24,11, 1.7711162E-09
7,24,12, 5.6001904E-09
7,24,13, 1.7722705E-08
7,24,14, 5.6214700E-08
7,24,15, 1.7796881E-07
7,24,16, 6.0084257E-07
7,24,17, 2.5117349E-06
7,24,18, 8.2001270E-06
7,24,19, 2.1846261E-05
7,24,20, 3.6426955E-05
7,24,21, 2.5969517E-05
7,24,22, 1.1071520E-05
7,24,23, 4.4148492E-05
7,24,24, 9.3569745E-05
7,25,4, 1.6998736E-11
7,25,5, 3.7735119E-11
7,25,6, 1.1220604E-10
7,25,7, 2.6596983E-10
7,25,8, 7.5168050E-10
7,25,9, 1.9640446E-09
7,25,10, 5.4967395E-09
7,25,11, 1.5894120E-08
7,25,12, 4.7128684E-08
7,25,13, 1.4362809E-07
7,25,14, 5.0864952E-07
7,25,15, 1.6123926E-06
7,25,16, 5.5391961E-06
7,25,17, 2.0619913E-05
7,25,18, 7.6515586E-05
7,25,19, 2.2045259E-04
7,25,20, 6.4889535E-04
7,25,21, 1.1106481E-03
7,25,22, 1.3794814E-03
7,25,23, 5.2930639E-04
7,25,24,-9.8869993E-05
7,25,25, 2.4384179E-04
8,2,1, 7.9582182E-08
8,2,2, 5.6316652E-09
8,3,2, 7.8434503E-08
8,3,3, 2.3696218E-09
8,4,3, 7.8879786E-08
8,4,4, 2.1576911E-09
8,5,4, 8.2630878E-08
8,5,5, 2.6112327E-09
8,6,5, 7.8464862E-08
8,6,6, 2.3185215E-09
8,7,6, 7.8888172E-08
8,7,7, 2.0347266E-09
8,8,7, 2.0957252E-08
8,8,8, 2.6094442E-10
8,9,8, 1.8488816E-08
8,9,9,-6.6169260E-11
8,10,9, 2.1700153E-08
8,10,10,-8.3060448E-10
8,11,10, 2.5648413E-08
8,11,11,-2.1867845E-09
8,12,11, 2.5699527E-08
8,12,12, 1.2694317E-09
8,13,12, 7.9843983E-08
8,13,13,-4.8067719E-08
8,14,13, 3.4802300E-08
8,14,14,-4.4110410E-09
8,15,14, 3.1646389E-08
8,15,15,-4.5638470E-09
8,16,4, 1.5318918E-13
8,16,5, 6.8938893E-13
8,16,6, 3.1542550E-12
8,16,7, 1.4533085E-11
8,16,8, 6.7228719E-11
8,16,9, 3.1103759E-10
8,16,10, 1.4387946E-09
8,16,11, 6.6369614E-09
8,16,12, 5.9012788E-09
8,16,15, 1.5679017E-08
8,16,16,-1.6609148E-09
8,17,12, 2.0435983E-08
8,17,13, 1.1355779E-07
8,17,14, 4.8095316E-07
8,17,15, 1.8701109E-06
8,17,16, 6.0445915E-06
8,17,17, 2.2169230E-06
8,18,8, 6.6188104E-14
8,18,9, 3.0547208E-13
8,18,10, 1.4130793E-12
8,18,11, 6.5573477E-12
8,18,12, 3.6129646E-11
8,18,13, 1.8821777E-10
8,18,14, 9.0016838E-10
8,18,15, 4.6083923E-09
8,18,16, 2.4920021E-08
8,18,17, 1.3926102E-05
8,18,18, 1.5717160E-05
8,19,9, 5.3796273E-14
8,19,10, 2.4829492E-13
8,19,11, 1.1482384E-12
8,19,12, 4.6721706E-12
8,19,13, 1.1417342E-11
8,19,14, 2.7416551E-11
8,19,15, 7.3006004E-11
8,19,16, 2.8097583E-10
8,19,17, 1.5322707E-07
8,19,18, 1.4080373E-05
8,19,19, 3.3753558E-05
8,20,5, 4.9997922E-14
8,20,6, 3.8103369E-13
8,20,7, 1.5174569E-12
8,20,8, 5.8554989E-12
8,20,9, 2.4735065E-11
8,20,10, 1.0946072E-10
8,20,11, 4.9507548E-10
8,20,12, 2.0684652E-09
8,20,13, 8.6314183E-09
8,20,14, 3.4998598E-08
8,20,15, 1.1711567E-07
8,20,16, 3.3843696E-07
8,20,17, 9.0032197E-07
8,20,18, 2.9613300E-07
8,20,19, 1.2541915E-05
8,20,20, 5.3866508E-05
8,21,5, 1.8078836E-13
8,21,6, 9.6611106E-13
8,21,7, 4.8607380E-12
8,21,8, 2.0197466E-11
8,21,9, 8.7968763E-11
8,21,10, 3.9318061E-10
8,21,11, 1.6846314E-09
8,21,12, 6.1007761E-09
8,21,13, 2.1714680E-08
8,21,14, 7.8533393E-08
8,21,15, 2.7889550E-07
8,21,16, 1.0317401E-06
8,21,17, 3.8855813E-06
8,21,18, 1.3344651E-05
8,21,19, 2.2987254E-05
8,21,20, 1.2585873E-05
8,21,21, 6.0754899E-05
8,22,3, 7.8520759E-14
8,22,4, 3.4509803E-13
8,22,5, 1.3148072E-12
8,22,6, 4.4465833E-12
8,22,7, 1.4676779E-11
8,22,8, 4.3523552E-11
8,22,9, 1.3775352E-10
8,22,10, 4.3662088E-10
8,22,11, 1.3829737E-09
8,22,12, 4.3739151E-09
8,22,13, 1.3851115E-08
8,22,14, 4.3868866E-08
8,22,15, 1.3890593E-07
8,22,16, 4.5319198E-07
8,22,17, 1.8746629E-06
8,22,18, 6.2668225E-06
8,22,19, 2.2258259E-05
8,22,20, 5.0122138E-05
8,22,21, 3.1739158E-05
8,22,22, 3.5625092E-05
8,23,3, 6.1962999E-14
8,23,4, 2.8760892E-13
8,23,5, 1.3327274E-12
8,23,6, 5.2823326E-12
8,23,7, 1.7536407E-11
8,23,8, 5.5622274E-11
8,23,9, 1.7120212E-10
8,23,10, 5.4287434E-10
8,23,11, 1.7188558E-09
8,23,12, 5.4358227E-09
8,23,13, 1.7182929E-08
8,23,14, 5.4499395E-08
8,23,15, 1.7268799E-07
8,23,16, 5.6503894E-07
8,23,17, 2.3414102E-06
8,23,18, 7.6589096E-06
8,23,19, 2.1057160E-05
8,23,20, 3.7847348E-05
8,23,21, 3.1197531E-05
8,23,22, 1.2212383E-05
8,23,23, 4.2898917E-05
8,24,3, 5.1486817E-14
8,24,4, 2.3898240E-13
8,24,5, 1.1092559E-12
8,24,6, 5.0561676E-12
8,24,7, 1.7658185E-11
8,24,8, 5.7889205E-11
8,24,9, 1.7742985E-10
8,24,10, 5.6051377E-10
8,24,11, 1.7711162E-09
8,24,12, 5.6001904E-09
8,24,13, 1.7722705E-08
8,24,14, 5.6214700E-08
8,24,15, 1.7796881E-07
8,24,16, 6.0084257E-07
8,24,17, 2.5117349E-06
8,24,18, 8.2001270E-06
8,24,19, 2.1846261E-05
8,24,20, 3.6426955E-05
8,24,21, 2.5969517E-05
8,24,22, 1.1071520E-05
8,24,23, 1.7636013E-05
8,24,24, 3.5658164E-05
8,25,4, 1.6998736E-11
8,25,5, 3.7735119E-11
8,25,6, 1.1220604E-10
8,25,7, 2.6596983E-10
8,25,8, 7.5168050E-10
8,25,9, 1.9640446E-09
8,25,10, 5.4967395E-09
8,25,11, 1.5894120E-08
8,25,12, 4.7128684E-08
8,25,13, 1.4362809E-07
8,25,14, 5.0864952E-07
8,25,15, 1.6123926E-06
8,25,16, 5.5391961E-06
8,25,17, 2.0619913E-05
8,25,18, 7.6515586E-05
8,25,19, 2.2045259E-04
8,25,20, 6.4889535E-04
8,25,21, 1.1106481E-03
8,25,22, 1.3794814E-03
8,25,23, 5.2930639E-04
8,25,24,-1.7558526E-05
8,25,25, 1.0809378E-04
9,2,1,-6.6384623E-07
9,2,2, 1.8462673E-08
9,3,2,-6.2990854E-07
9,3,3, 1.8205840E-08
9,4,3,-6.3318809E-07
9,4,4, 1.7056861E-08
9,5,4,-6.6378258E-07
9,5,5, 1.7955498E-08
9,6,5,-6.3017150E-07
9,6,6, 1.8224040E-08
9,7,6,-6.3324671E-07
9,7,7, 1.7025530E-08
9,8,7,-1.7155983E-07
9,8,8, 4.7124344E-09
9,9,8,-1.5408370E-07
9,9,9, 3.3794512E-09
9,10,9,-1.7823331E-07
9,10,10, 3.6653459E-09
9,11,10,-2.1144635E-07
9,11,11, 5.2659654E-09
9,12,11,-2.1106958E-07
9,12,12, 4.4292184E-09
9,13,12,-2.8359617E-07
9,13,13, 4.5947247E-08
9,14,13,-2.5163092E-07
9,14,14, 1.0519787E-08
9,15,14,-2.5571317E-07
9,15,15,-4.6480587E-09
9,16,4, 1.5318918E-13
9,16,5, 6.8938893E-13
9,16,6, 3.1542550E-12
9,16,7, 1.4533085E-11
9,16,8, 6.7228719E-11
9,16,9, 3.1103759E-10
9,16,10, 1.4387946E-09
9,16,11, 6.6369614E-09
9,16,12, 5.9012788E-09
9,16,15,-1.2903681E-07
9,16,16, 5.7446543E-11
9,17,12, 2.0435983E-08
9,17,13, 1.1355779E-07
9,17,14, 4.8095316E-07
9,17,15, 1.8701109E-06
9,17,16, 5.8777871E-06
9,17,17, 2.2183195E-06
9,18,8, 6.6188104E-14
9,18,9, 3.0547208E-13
9,18,10, 1.4130793E-12
9,18,11, 6.5573477E-12
9,18,12, 3.6129646E-11
9,18,13, 1.8821777E-10
9,18,14, 9.0016838E-10
9,18,15, 4.6083923E-09
9,18,16, 2.4920021E-08
9,18,17, 1.3717624E-05
9,18,18, 1.5720326E-05
9,19,9, 5.3796273E-14
9,19,10, 2.4829492E-13
9,19,11, 1.1482384E-12
9,19,12, 4.6721706E-12
9,19,13, 1.1417342E-11
9,19,14, 2.7416551E-11
9,19,15, 7.3006004E-11
9,19,16, 2.8097583E-10
9,19,17, 1.5322707E-07
9,19,18, 1.4047898E-05
9,19,19, 3.3579288E-05
9,20,5, 4.9997922E-14
9,20,6, 3.8103369E-13
9,20,7, 1.5174569E-12
9,20,8, 5.8554989E-12
9,20,9, 2.4735065E-11
9,20,10, 1.0946072E-10
9,20,11, 4.9507548E-10
9,20,12, 2.0684652E-09
9,20,13, 8.6314183E-09
9,20,14, 3.4998598E-08
9,20,15, 1.1711567E-07
9,20,16, 3.3843696E-07
9,20,17, 9.0032197E-07
9,20,18, 2.9613300E-07
9,20,19, 1.2737942E-05
9,20,20, 5.3682033E-05
9,21,5, 1.8078836E-13
9,21,6, 9.6611106E-13
9,21,7, 4.8607380E-12
9,21,8, 2.0197466E-11
9,21,9, 8.7968763E-11
9,21,10, 3.9318061E-10
9,21,11, 1.6846314E-09
9,21,12, 6.1007761E-09
9,21,13, 2.1714680E-08
9,21,14, 7.8533393E-08
9,21,15, 2.7889550E-07
9,21,16, 1.0317401E-06
9,21,17, 3.8855813E-06
9,21,18, 1.3344651E-05
9,21,19, 2.2987254E-05
9,21,20, 2.2386807E-05
9,21,21, 5.1234136E-05
9,22,3, 7.8520759E-14
9,22,4, 3.4509803E-13
9,22,5, 1.3148072E-12
9,22,6, 4.4465833E-12
9,22,7, 1.4676779E-11
9,22,8, 4.3523552E-11
9,22,9, 1.3775352E-10
9,22,10, 4.3662088E-10
9,22,11, 1.3829737E-09
9,22,12, 4.3739151E-09
9,22,13, 1.3851115E-08
9,22,14, 4.3868866E-08
9,22,15, 1.3890593E-07
9,22,16, 4.5319198E-07
9,22,17, 1.8746629E-06
9,22,18, 6.2668225E-06
9,22,19, 2.2258259E-05
9,22,20, 5.0122138E-05
9,22,21, 3.1583867E-05
9,22,22, 3.4455708E-05
9,23,3, 6.1962999E-14
9,23,4, 2.8760892E-13
9,23,5, 1.3327274E-12
9,23,6, 5.2823326E-12
9,23,7, 1.7536407E-11
9,23,8, 5.5622274E-11
9,23,9, 1.7120212E-10
9,23,10, 5.4287434E-10
9,23,11, 1.7188558E-09
9,23,12, 5.4358227E-09
9,23,13, 1.7182929E-08
9,23,14, 5.4499395E-08
9,23,15, 1.7268799E-07
9,23,16, 5.6503894E-07
9,23,17, 2.3414102E-06
9,23,18, 7.6589096E-06
9,23,19, 2.1057160E-05
9,23,20, 3.7847348E-05
9,23,21, 3.1197531E-05
9,23,22, 2.2293048E-05
9,23,23, 2.6686376E-05
9,24,3, 5.1486817E-14
9,24,4, 2.3898240E-13
9,24,5, 1.1092559E-12
9,24,6, 5.0561676E-12
9,24,7, 1.7658185E-11
9,24,8, 5.7889205E-11
9,24,9, 1.7742985E-10
9,24,10, 5.6051377E-10
9,24,11, 1.7711162E-09
9,24,12, 5.6001904E-09
9,24,13, 1.7722705E-08
9,24,14, 5.6214700E-08
9,24,15, 1.7796881E-07
9,24,16, 6.0084257E-07
9,24,17, 2.5117349E-06
9,24,18, 8.2001270E-06
9,24,19, 2.1846261E-05
9,24,20, 3.6426955E-05
9,24,21, 2.5969517E-05
9,24,22, 1.1071520E-05
9,24,23,-6.5711360E-06
9,24,24, 4.7237562E-05
9,25,4, 1.6998736E-11
9,25,5, 3.7735119E-11
9,25,6, 1.1220604E-10
9,25,7, 2.6596983E-10
9,25,8, 7.5168050E-10
9,25,9, 1.9640446E-09
9,25,10, 5.4967395E-09
9,25,11, 1.5894120E-08
9,25,12, 4.7128684E-08
9,25,13, 1.4362809E-07
9,25,14, 5.0864952E-07
9,25,15, 1.6123926E-06
9,25,16, 5.5391961E-06
9,25,17, 2.0619913E-05
9,25,18, 7.6515586E-05
9,25,19, 2.2045259E-04
9,25,20, 6.4889535E-04
9,25,21, 1.1106481E-03
9,25,22, 1.3794814E-03
9,25,23, 5.2930639E-04
9,25,24,-1.8849405E-05
9,25,25, 8.5014206E-05
